,ID,Label
0,1582,12
1,1810,14
2,3124,21
3,632,3
4,3864,23
5,2979,21
6,77,1
7,497,3
8,3431,22
9,402,3
10,5785,33
11,142,1
12,5723,33
13,3759,23
14,1584,12
15,1771,14
16,172,1
17,3748,23
18,971,6
19,4250,24
20,2666,18
21,2780,19
22,4234,24
23,2605,18
24,2598,18
25,5108,29
26,4017,23
27,4548,25
28,3870,23
29,1406,9
30,4641,26
31,4101,24
32,5185,31
33,1336,9
34,1316,9
35,2483,18
36,5340,31
37,2976,21
38,5109,29
39,2999,21
40,5095,29
41,1136,8
42,1205,8
43,1783,14
44,463,3
45,1735,13
46,3778,23
47,3179,21
48,2774,19
49,5564,32
50,3895,23
51,1922,14
52,759,4
53,282,2
54,288,2
55,475,3
56,2963,21
57,3830,23
58,4542,25
59,5380,31
60,2110,14
61,3447,22
62,2174,16
63,5193,31
64,4349,25
65,5424,31
66,121,1
67,5068,29
68,3005,21
69,2941,21
70,4511,25
71,5731,33
72,1073,8
73,2632,18
74,4395,25
75,3952,23
76,4346,25
77,4286,24
78,659,3
79,2770,19
80,2331,18
81,209,1
82,5980,34
83,496,3
84,2930,21
85,985,7
86,5669,33
87,2878,20
88,3104,21
89,5125,30
90,201,1
91,4722,26
92,2348,18
93,3659,23
94,5487,32
95,1220,8
96,4333,25
97,4409,25
98,2967,21
99,1968,14
100,3647,23
101,5089,29
102,3556,22
103,3857,23
104,5014,28
105,5941,34
106,5749,33
107,1072,8
108,5147,30
109,2636,18
110,2387,18
111,5486,32
112,1910,14
113,5905,34
114,5849,33
115,2784,19
116,4752,26
117,5421,31
118,711,3
119,1557,12
120,5752,33
121,582,3
122,318,2
123,1056,8
124,1010,8
125,844,6
126,4730,26
127,1594,12
128,2140,14
129,3679,23
130,5594,32
131,5977,34
132,1653,12
133,5144,30
134,4118,24
135,4577,25
136,1701,13
137,2798,19
138,3033,21
139,32,1
140,5115,30
141,4165,24
142,2664,18
143,290,2
144,5304,31
145,5268,31
146,4076,23
147,2914,20
148,2337,18
149,5461,32
150,5979,34
151,4023,23
152,4172,24
153,4506,25
154,2607,18
155,4260,24
156,2053,14
157,1707,13
158,4327,25
159,1620,12
160,5864,33
161,3972,23
162,5008,28
163,822,5
164,2939,21
165,1306,9
166,3215,21
167,2839,19
168,398,3
169,1682,13
170,1510,10
171,949,6
172,951,6
173,2482,18
174,1307,9
175,4495,25
176,501,3
177,1444,10
178,2290,17
179,2251,16
180,3898,23
181,805,4
182,3263,21
183,39,1
184,2197,16
185,1350,9
186,5507,32
187,3113,21
188,1923,14
189,5347,31
190,5812,33
191,3324,21
192,4243,24
193,4365,25
194,5030,29
195,5033,29
196,3681,23
197,2940,21
198,4421,25
199,5661,32
200,10,0
201,3692,23
202,3957,23
203,2193,16
204,5475,32
205,1586,12
206,338,2
207,1671,12
208,3772,23
209,3868,23
210,2259,16
211,1513,11
212,438,3
213,440,3
214,5238,31
215,4363,25
216,2088,14
217,5925,34
218,3534,22
219,1131,8
220,308,2
221,2383,18
222,1986,14
223,5654,32
224,845,6
225,4888,27
226,2121,14
227,1997,14
228,1289,9
229,3496,22
230,771,4
231,96,1
232,5670,33
233,2792,19
234,715,3
235,2639,18
236,1266,9
237,1374,9
238,5578,32
239,3032,21
240,1978,14
241,1186,8
242,1952,14
243,2848,19
244,2406,18
245,1675,12
246,2667,18
247,4226,24
248,1515,11
249,1100,8
250,3579,22
251,3840,23
252,815,4
253,2330,18
254,265,1
255,5902,34
256,102,1
257,1003,7
258,1919,14
259,421,3
260,2879,20
261,1763,14
262,5063,29
263,3168,21
264,4849,27
265,1159,8
266,1455,10
267,5775,33
268,4038,23
269,3497,22
270,3111,21
271,404,3
272,1321,9
273,2066,14
274,3209,21
275,5801,33
276,1612,12
277,2268,16
278,3709,23
279,2136,14
280,79,1
281,4396,25
282,4681,26
283,5194,31
284,3667,23
285,3735,23
286,4627,25
287,1386,9
288,960,6
289,5279,31
290,731,3
291,40,1
292,2167,15
293,4400,25
294,4901,27
295,3791,23
296,1835,14
297,848,6
298,2392,18
299,2065,14
300,4116,24
301,2302,17
302,3391,22
303,2173,16
304,760,4
305,2072,14
306,5329,31
307,1873,14
308,4463,25
309,5281,31
310,1393,9
311,101,1
312,2195,16
313,4841,27
314,5239,31
315,1077,8
316,3594,22
317,1038,8
318,2396,18
319,4597,25
320,3235,21
321,1272,9
322,2565,18
323,3135,21
324,5411,31
325,2557,18
326,3298,21
327,2538,18
328,1392,9
329,2433,18
330,5569,32
331,5765,33
332,5441,32
333,2322,18
334,1640,12
335,3743,23
336,4470,25
337,4685,26
338,4048,23
339,2149,15
340,879,6
341,3618,23
342,3285,21
343,2885,20
344,4513,25
345,3584,22
346,3707,23
347,2465,18
348,2442,18
349,2777,19
350,4893,27
351,1036,8
352,3373,22
353,2850,19
354,3095,21
355,1996,14
356,4455,25
357,230,1
358,4227,24
359,5208,31
360,4445,25
361,2070,14
362,4006,23
363,4232,24
364,4058,23
365,3232,21
366,1770,14
367,5211,31
368,5358,31
369,1811,14
370,355,3
371,1009,8
372,1530,11
373,439,3
374,2552,18
375,5355,31
376,1685,13
377,3326,21
378,4682,26
379,777,4
380,3609,23
381,3730,23
382,517,3
383,4319,25
384,3001,21
385,862,6
386,1081,8
387,5345,31
388,2686,18
389,5722,33
390,4440,25
391,5770,33
392,71,1
393,2407,18
394,1755,14
395,43,1
396,4734,26
397,1670,12
398,278,2
399,5458,32
400,4826,27
401,5713,33
402,5673,33
403,154,1
404,3727,23
405,3402,22
406,1389,9
407,1259,9
408,901,6
409,4606,25
410,4401,25
411,5555,32
412,2662,18
413,2236,16
414,5226,31
415,4536,25
416,294,2
417,1410,9
418,4252,24
419,4184,24
420,1088,8
421,5394,31
422,3959,23
423,5926,34
424,832,5
425,162,1
426,4974,27
427,1202,8
428,5242,31
429,1556,12
430,1225,8
431,5714,33
432,2553,18
433,427,3
434,675,3
435,3893,23
436,4508,25
437,2402,18
438,5622,32
439,2467,18
440,3939,23
441,4106,24
442,3346,22
443,111,1
444,1652,12
445,3640,23
446,2470,18
447,3217,21
448,3452,22
449,3529,22
450,5104,29
451,4903,27
452,5422,31
453,2122,14
454,5820,33
455,2030,14
456,3060,21
457,3550,22
458,4985,27
459,5054,29
460,5383,31
461,599,3
462,2974,21
463,2734,19
464,1981,14
465,4285,24
466,2183,16
467,5650,32
468,3728,23
469,1776,14
470,1818,14
471,1525,11
472,1148,8
473,4816,26
474,4133,24
475,4168,24
476,5987,34
477,827,5
478,5647,32
479,5438,32
480,1141,8
481,5037,29
482,768,4
483,3220,21
484,3984,23
485,426,3
486,5735,33
487,4471,25
488,1043,8
489,1426,10
490,1832,14
491,709,3
492,5889,34
493,1326,9
494,644,3
495,5335,31
496,483,3
497,23,1
498,247,1
499,545,3
500,331,2
501,4367,25
502,4661,26
503,994,7
504,3139,21
505,3043,21
506,1012,8
507,4544,25
508,4997,28
509,735,3
510,5883,34
511,980,7
512,5158,30
513,4626,25
514,1122,8
515,4246,24
516,4571,25
517,3905,23
518,1000,7
519,3615,23
520,2414,18
521,3204,21
522,229,1
523,698,3
524,2087,14
525,4611,25
526,1721,13
527,3815,23
528,4537,25
529,3752,23
530,3272,21
531,2757,19
532,3257,21
533,3261,21
534,3597,22
535,2398,18
536,2978,21
537,2720,19
538,5659,32
539,1807,14
540,2063,14
541,4644,26
542,4037,23
543,383,3
544,412,3
545,4657,26
546,3310,21
547,860,6
548,2404,18
549,5974,34
550,430,3
551,5079,29
552,3611,23
553,3042,21
554,649,3
555,503,3
556,5469,32
557,3039,21
558,4777,26
559,5672,33
560,4081,23
561,4329,25
562,2838,19
563,3249,21
564,3806,23
565,2901,20
566,2060,14
567,3332,21
568,5779,33
569,5488,32
570,1936,14
571,895,6
572,4663,26
573,4388,25
574,1128,8
575,5359,31
576,2223,16
577,5399,31
578,2722,19
579,4283,24
580,3182,21
581,3971,23
582,1208,8
583,2043,14
584,3532,22
585,3327,21
586,2906,20
587,5071,29
588,5038,29
589,825,5
590,4490,25
591,3161,21
592,5645,32
593,5034,29
594,4568,25
595,5574,32
596,3284,21
597,479,3
598,1903,14
599,5988,34
600,2282,17
601,754,4
602,1985,14
603,5273,31
604,4433,25
605,4074,23
606,5178,30
607,5459,32
608,1121,8
609,1523,11
610,5483,32
611,378,3
612,3482,22
613,2351,18
614,774,4
615,5111,29
616,4324,25
617,4223,24
618,3461,22
619,4689,26
620,4472,25
621,633,3
622,5986,34
623,2400,18
624,2523,18
625,1761,14
626,3003,21
627,4045,23
628,3720,23
629,217,1
630,4853,27
631,2616,18
632,4284,24
633,3421,22
634,3967,23
635,5425,31
636,1354,9
637,4444,25
638,968,6
639,1521,11
640,4919,27
641,580,3
642,5677,33
643,1152,8
644,3660,23
645,1754,14
646,5344,31
647,3427,22
648,3566,22
649,5718,33
650,1059,8
651,5120,30
652,2954,21
653,1246,8
654,3531,22
655,2052,14
656,376,3
657,2726,19
658,1432,10
659,3181,21
660,1555,12
661,3561,22
662,5602,32
663,3085,21
664,1331,9
665,106,1
666,1901,14
667,790,4
668,869,6
669,1768,14
670,2263,16
671,3559,22
672,291,2
673,228,1
674,3653,23
675,1496,10
676,1105,8
677,4575,25
678,2841,19
679,2129,14
680,905,6
681,3646,23
682,618,3
683,2635,18
684,5843,33
685,4684,26
686,2509,18
687,4003,23
688,4768,26
689,5283,31
690,2476,18
691,5074,29
692,1665,12
693,2606,18
694,350,3
695,3797,23
696,2762,19
697,5446,32
698,2239,16
699,2321,18
700,705,3
701,3019,21
702,4865,27
703,3601,22
704,1987,14
705,4323,25
706,4897,27
707,5484,32
708,3073,21
709,5761,33
710,2804,19
711,1435,10
712,4668,26
713,5433,31
714,313,2
715,2582,18
716,399,3
717,1893,14
718,4316,25
719,4218,24
720,4927,27
721,1512,10
722,3122,21
723,2240,16
724,1093,8
725,9,0
726,915,6
727,2454,18
728,4662,26
729,98,1
730,1171,8
731,944,6
732,3774,23
733,3360,22
734,5959,34
735,68,1
736,5298,31
737,3030,21
738,236,1
739,5305,31
740,4995,28
741,488,3
742,2355,18
743,2964,21
744,133,1
745,1227,8
746,359,3
747,2082,14
748,2870,20
749,3022,21
750,515,3
751,4410,25
752,5386,31
753,2487,18
754,5423,31
755,5186,31
756,4183,24
757,4261,24
758,5476,32
759,5280,31
760,2789,19
761,4523,25
762,74,1
763,2699,18
764,3169,21
765,5062,29
766,4015,23
767,1332,9
768,1257,9
769,5692,33
770,3755,23
771,3401,22
772,5829,33
773,3390,22
774,4167,24
775,4900,27
776,21,1
777,2094,14
778,4773,26
779,3429,22
780,4332,25
781,3630,23
782,4664,26
783,461,3
784,2646,18
785,1637,12
786,4301,24
787,2307,18
788,841,5
789,2304,17
790,1097,8
791,3757,23
792,2166,15
793,4503,25
794,2352,18
795,2313,18
796,1615,12
797,4354,25
798,3541,22
799,670,3
800,5610,32
801,1163,8
802,2071,14
803,5286,31
804,1467,10
805,1880,14
806,1639,12
807,1268,9
808,1885,14
809,1540,12
810,4818,26
811,3713,23
812,3596,22
813,3912,23
814,3376,22
815,4507,25
816,5806,33
817,691,3
818,2543,18
819,3658,23
820,4169,24
821,5049,29
822,2425,18
823,4737,26
824,5598,32
825,2907,20
826,1568,12
827,1189,8
828,4932,27
829,2755,19
830,3499,22
831,5050,29
832,4126,24
833,380,3
834,1312,9
835,3354,22
836,3686,23
837,752,4
838,5589,32
839,863,6
840,1063,8
841,3214,21
842,5114,30
843,5119,30
844,1738,13
845,3394,22
846,3655,23
847,834,5
848,5350,31
849,520,3
850,5236,31
851,233,1
852,5696,33
853,1529,11
854,1260,9
855,5927,34
856,5263,31
857,1693,13
858,3392,22
859,3722,23
860,2745,19
861,1704,13
862,177,1
863,42,1
864,2250,16
865,1942,14
866,1982,14
867,5287,31
868,95,1
869,5942,34
870,4360,25
871,3121,21
872,1222,8
873,1479,10
874,5551,32
875,1245,8
876,63,1
877,1487,10
878,3312,21
879,3511,22
880,5056,29
881,2279,17
882,5123,30
883,4930,27
884,1579,12
885,2540,18
886,4358,25
887,2581,18
888,1295,9
889,4789,26
890,2444,18
891,5773,33
892,5911,34
893,5007,28
894,4961,27
895,5432,31
896,5844,33
897,5156,30
898,4512,25
899,1313,9
900,2170,16
901,4059,23
902,169,1
903,292,2
904,1694,13
905,4599,25
906,343,3
907,5558,32
908,4739,26
909,4735,26
910,824,5
911,3322,21
912,2913,20
913,2922,20
914,3533,22
915,811,4
916,2150,15
917,65,1
918,5573,32
919,5170,30
920,5055,29
921,3764,23
922,2099,14
923,3723,23
924,4704,26
925,900,6
926,3855,23
927,5449,32
928,1775,14
929,403,3
930,4690,26
931,549,3
932,4968,27
933,3481,22
934,3696,23
935,1916,14
936,3794,23
937,1068,8
938,3715,23
939,2031,14
940,5859,33
941,4920,27
942,1300,9
943,2955,21
944,622,3
945,957,6
946,875,6
947,3120,21
948,3648,23
949,1017,8
950,5436,32
951,4328,25
952,5418,31
953,4008,23
954,3689,23
955,569,3
956,5016,29
957,1294,9
958,2213,16
959,3213,21
960,4604,25
961,283,2
962,3082,21
963,4334,25
964,5152,30
965,3962,23
966,3904,23
967,4675,26
968,3050,21
969,909,6
970,551,3
971,371,3
972,1896,14
973,1784,14
974,4462,25
975,2301,17
976,910,6
977,3014,21
978,5870,34
979,2731,19
980,207,1
981,2434,18
982,4244,24
983,5316,31
984,4817,26
985,5950,34
986,1240,8
987,5258,31
988,2246,16
989,997,7
990,5685,33
991,3036,21
992,1793,14
993,100,1
994,1533,11
995,3726,23
996,2515,18
997,315,2
998,3457,22
999,2158,15
1000,5553,32
1001,4533,25
1002,4808,26
1003,4344,25
1004,2459,18
1005,2747,19
1006,445,3
1007,937,6
1008,3986,23
1009,5916,34
1010,5514,32
1011,2980,21
1012,3460,22
1013,2889,20
1014,29,1
1015,3105,21
1016,5588,32
1017,4459,25
1018,1223,8
1019,5698,33
1020,1035,8
1021,3319,21
1022,4228,24
1023,4492,25
1024,2004,14
1025,1378,9
1026,4549,25
1027,561,3
1028,3053,21
1029,4940,27
1030,1453,10
1031,4935,27
1032,1119,8
1033,2058,14
1034,2640,18
1035,2344,18
1036,3211,21
1037,2877,20
1038,1023,8
1039,2134,14
1040,2953,21
1041,145,1
1042,4371,25
1043,522,3
1044,3874,23
1045,3780,23
1046,5069,29
1047,3776,23
1048,5822,33
1049,2472,18
1050,1164,8
1051,903,6
1052,2929,21
1053,2589,18
1054,1022,8
1055,5754,33
1056,741,3
1057,4528,25
1058,3637,23
1059,543,3
1060,5218,31
1061,5983,34
1062,2815,19
1063,131,1
1064,5320,31
1065,2109,14
1066,1302,9
1067,4105,24
1068,2948,21
1069,638,3
1070,5191,31
1071,4958,27
1072,706,3
1073,4092,24
1074,2935,21
1075,1345,9
1076,2827,19
1077,2787,19
1078,734,3
1079,3504,22
1080,4454,25
1081,12,0
1082,1803,14
1083,2261,16
1084,4895,27
1085,4835,27
1086,1015,8
1087,1634,12
1088,238,1
1089,3913,23
1090,3988,23
1091,2309,18
1092,3167,21
1093,5223,31
1094,2516,18
1095,141,1
1096,1045,8
1097,4732,26
1098,5451,32
1099,3375,22
1100,2654,18
1101,4713,26
1102,2782,19
1103,2741,19
1104,1273,9
1105,2291,17
1106,4241,24
1107,5284,31
1108,2960,21
1109,4654,26
1110,197,1
1111,4331,25
1112,1338,9
1113,262,1
1114,4810,26
1115,4525,25
1116,1558,12
1117,186,1
1118,5726,33
1119,4720,26
1120,1308,9
1121,5473,32
1122,1891,14
1123,3918,23
1124,761,4
1125,4399,25
1126,3814,23
1127,4461,25
1128,5875,34
1129,2054,14
1130,850,6
1131,830,5
1132,2000,14
1133,2205,16
1134,1567,12
1135,836,5
1136,5789,33
1137,5523,32
1138,5221,31
1139,2168,15
1140,5639,32
1141,2116,14
1142,658,3
1143,5666,32
1144,4621,25
1145,4254,24
1146,2663,18
1147,1662,12
1148,5375,31
1149,1945,14
1150,1446,10
1151,407,3
1152,2549,18
1153,310,2
1154,227,1
1155,1752,14
1156,1197,8
1157,4715,26
1158,1518,11
1159,5937,34
1160,3445,22
1161,3090,21
1162,5327,31
1163,650,3
1164,4863,27
1165,2480,18
1166,1179,8
1167,3110,21
1168,5596,32
1169,5970,34
1170,1248,8
1171,1018,8
1172,1528,11
1173,2830,19
1174,2677,18
1175,1946,14
1176,91,1
1177,816,4
1178,5975,34
1179,1636,12
1180,1052,8
1181,3856,23
1182,5413,31
1183,2429,18
1184,2430,18
1185,5388,31
1186,2241,16
1187,2521,18
1188,4717,26
1189,4680,26
1190,950,6
1191,2299,17
1192,2551,18
1193,4385,25
1194,132,1
1195,5625,32
1196,2772,19
1197,5855,33
1198,473,3
1199,4750,26
1200,1329,9
1201,714,3
1202,5020,29
1203,3833,23
1204,2661,18
1205,2303,17
1206,1118,8
1207,1967,14
1208,30,1
1209,1228,8
1210,2342,18
1211,2943,21
1212,5540,32
1213,3149,21
1214,4964,27
1215,5139,30
1216,2177,16
1217,3987,23
1218,4233,24
1219,3370,22
1220,4522,25
1221,1155,8
1222,1674,12
1223,2767,19
1224,3100,21
1225,1349,9
1226,109,1
1227,3792,23
1228,2373,18
1229,2399,18
1230,3775,23
1231,5126,30
1232,3367,22
1233,4417,25
1234,481,3
1235,4160,24
1236,4963,27
1237,4592,25
1238,819,5
1239,3342,22
1240,3089,21
1241,431,3
1242,3397,22
1243,1508,10
1244,2096,14
1245,5917,34
1246,1424,10
1247,4708,26
1248,4518,25
1249,4067,23
1250,4266,24
1251,2188,16
1252,5736,33
1253,1046,8
1254,408,3
1255,3000,21
1256,2350,18
1257,4847,27
1258,2996,21
1259,1174,8
1260,2343,18
1261,5585,32
1262,4628,25
1263,4176,24
1264,4765,26
1265,1147,8
1266,4499,25
1267,602,3
1268,882,6
1269,2132,14
1270,1573,12
1271,3519,22
1272,1979,14
1273,3974,23
1274,5921,34
1275,4406,25
1276,1824,14
1277,4029,23
1278,4904,27
1279,4614,25
1280,5408,31
1281,4946,27
1282,4144,24
1283,1920,14
1284,1772,14
1285,2023,14
1286,1242,8
1287,2828,19
1288,80,1
1289,5182,31
1290,4892,27
1291,5183,31
1292,1025,8
1293,2820,19
1294,1808,14
1295,4747,26
1296,888,6
1297,2806,19
1298,930,6
1299,2391,18
1300,3900,23
1301,4117,24
1302,821,5
1303,2512,18
1304,5530,32
1305,2417,18
1306,1005,7
1307,823,5
1308,3762,23
1309,3092,21
1310,1949,14
1311,5187,31
1312,4660,26
1313,277,2
1314,2271,17
1315,88,1
1316,5954,34
1317,4364,25
1318,2637,18
1319,2265,16
1320,2464,18
1321,3289,21
1322,5892,34
1323,609,3
1324,2612,18
1325,1425,10
1326,2626,18
1327,3685,23
1328,2182,16
1329,3664,23
1330,2573,18
1331,5643,32
1332,1630,12
1333,4158,24
1334,753,4
1335,1433,10
1336,3616,23
1337,1943,14
1338,4840,27
1339,5537,32
1340,112,1
1341,5861,33
1342,2510,18
1343,4990,28
1344,5543,32
1345,5896,34
1346,1198,8
1347,1657,12
1348,4583,25
1349,505,3
1350,3311,21
1351,3902,23
1352,4783,26
1353,3852,23
1354,493,3
1355,2318,18
1356,5557,32
1357,365,3
1358,2813,19
1359,5867,34
1360,4794,26
1361,5419,31
1362,27,1
1363,82,1
1364,67,1
1365,4962,27
1366,387,3
1367,2931,21
1368,2093,14
1369,2501,18
1370,3910,23
1371,1362,9
1372,4531,25
1373,4906,27
1374,634,3
1375,1275,9
1376,5694,33
1377,215,1
1378,2481,18
1379,3156,21
1380,5251,31
1381,3366,22
1382,1310,9
1383,3834,23
1384,375,3
1385,4376,25
1386,1465,10
1387,3021,21
1388,3821,23
1389,4478,25
1390,4526,25
1391,3751,23
1392,4170,24
1393,5880,34
1394,629,3
1395,2790,19
1396,2620,18
1397,3434,22
1398,4795,26
1399,5509,32
1400,5683,33
1401,896,6
1402,1944,14
1403,3024,21
1404,5655,32
1405,5766,33
1406,3872,23
1407,4005,23
1408,5216,31
1409,3894,23
1410,612,3
1411,4127,24
1412,4214,24
1413,3380,22
1414,1677,13
1415,2264,16
1416,4619,25
1417,1230,8
1418,24,1
1419,3286,21
1420,891,6
1421,4711,26
1422,668,3
1423,3954,23
1424,2385,18
1425,2778,19
1426,2614,18
1427,983,7
1428,5584,32
1429,2026,14
1430,5463,32
1431,276,2
1432,2249,16
1433,1575,12
1434,2810,19
1435,2566,18
1436,4483,25
1437,1762,14
1438,2759,19
1439,5073,29
1440,2049,14
1441,2272,17
1442,3256,21
1443,179,1
1444,3810,23
1445,4350,25
1446,2938,21
1447,3889,23
1448,1256,9
1449,2714,19
1450,4102,24
1451,3881,23
1452,5706,33
1453,4779,26
1454,527,3
1455,2361,18
1456,5906,34
1457,3180,21
1458,4866,27
1459,5212,31
1460,470,3
1461,4404,25
1462,2426,18
1463,5742,33
1464,999,7
1465,2135,14
1466,4887,27
1467,3562,22
1468,4933,27
1469,4694,26
1470,5112,30
1471,3301,21
1472,235,1
1473,245,1
1474,2925,21
1475,792,4
1476,4361,25
1477,4915,27
1478,5776,33
1479,4414,25
1480,3632,23
1481,4845,27
1482,2558,18
1483,5290,31
1484,1158,8
1485,5105,29
1486,3055,21
1487,2776,19
1488,4613,25
1489,3811,23
1490,605,3
1491,1895,14
1492,2656,18
1493,1915,14
1494,1839,14
1495,5138,30
1496,5098,29
1497,5671,33
1498,5898,34
1499,747,4
1500,1706,13
1501,2055,14
1502,877,6
1503,2046,14
1504,267,1
1505,2694,18
1506,665,3
1507,1365,9
1508,1962,14
1509,2599,18
1510,4937,27
1511,1767,14
1512,411,3
1513,509,3
1514,1819,14
1515,3465,22
1516,1733,13
1517,3430,22
1518,5201,31
1519,500,3
1520,5265,31
1521,1935,14
1522,3921,23
1523,661,3
1524,4132,24
1525,523,3
1526,2493,18
1527,3635,23
1528,119,1
1529,655,3
1530,5620,32
1531,5877,34
1532,1766,14
1533,3361,22
1534,5753,33
1535,576,3
1536,314,2
1537,391,3
1538,3321,21
1539,4194,24
1540,3623,23
1541,57,1
1542,3890,23
1543,5649,32
1544,5803,33
1545,4502,25
1546,3946,23
1547,3067,21
1548,1616,12
1549,1417,10
1550,3965,23
1551,936,6
1552,1112,8
1553,1215,8
1554,5426,31
1555,485,3
1556,3858,23
1557,11,0
1558,3634,23
1559,3136,21
1560,4392,25
1561,5081,29
1562,2678,18
1563,37,1
1564,346,3
1565,5656,32
1566,3205,21
1567,4758,26
1568,5040,29
1569,4851,27
1570,1956,14
1571,4405,25
1572,5434,31
1573,5146,30
1574,5204,31
1575,3125,21
1576,2020,14
1577,3490,22
1578,1688,13
1579,1161,8
1580,1698,13
1581,4408,25
1582,5435,31
1583,1553,12
1584,3023,21
1585,474,3
1586,4896,27
1587,2740,19
1588,738,3
1589,34,1
1590,3093,21
1591,2513,18
1592,3787,23
1593,5442,32
1594,2671,18
1595,448,3
1596,4236,24
1597,5206,31
1598,3643,23
1599,1279,9
1600,4996,28
1601,1955,14
1602,3238,21
1603,2621,18
1604,5738,33
1605,2896,20
1606,2003,14
1607,4096,24
1608,664,3
1609,3887,23
1610,4099,24
1611,3729,23
1612,4757,26
1613,4181,24
1614,739,3
1615,3049,21
1616,3703,23
1617,4148,24
1618,916,6
1619,5862,33
1620,3941,23
1621,345,3
1622,838,5
1623,2395,18
1624,3741,23
1625,4803,26
1626,5613,32
1627,5814,33
1628,4335,25
1629,2089,14
1630,1490,10
1631,2327,18
1632,1144,8
1633,4712,26
1634,4446,25
1635,210,1
1636,1462,10
1637,5778,33
1638,5231,31
1639,1494,10
1640,552,3
1641,2198,16
1642,1906,14
1643,4071,23
1644,4130,24
1645,3831,23
1646,2891,20
1647,5270,31
1648,2232,16
1649,3031,21
1650,2214,16
1651,4718,26
1652,4186,24
1653,2982,21
1654,424,3
1655,1535,12
1656,3061,21
1657,5579,32
1658,3758,23
1659,5740,33
1660,4673,26
1661,4590,25
1662,4155,24
1663,3472,22
1664,894,6
1665,4064,23
1666,108,1
1667,952,6
1668,2025,14
1669,231,1
1670,707,3
1671,1044,8
1672,4010,23
1673,2672,18
1674,3656,23
1675,1123,8
1676,5518,32
1677,795,4
1678,5021,29
1679,636,3
1680,2655,18
1681,4939,27
1682,258,1
1683,921,6
1684,4257,24
1685,1613,12
1686,5086,29
1687,2821,19
1688,3267,21
1689,3702,23
1690,5430,31
1691,1834,14
1692,3372,22
1693,3449,22
1694,4648,26
1695,1026,8
1696,2192,16
1697,2210,16
1698,5417,31
1699,5876,34
1700,4063,23
1701,2703,18
1702,5817,33
1703,3982,23
1704,5547,32
1705,1385,9
1706,4093,24
1707,1099,8
1708,4001,23
1709,2336,18
1710,5330,31
1711,990,7
1712,2706,18
1713,3393,22
1714,3152,21
1715,2438,18
1716,5498,32
1717,2583,18
1718,1305,9
1719,1812,14
1720,3004,21
1721,1232,8
1722,3973,23
1723,3978,23
1724,1461,10
1725,1610,12
1726,5376,31
1727,2811,19
1728,4488,25
1729,5162,30
1730,780,4
1731,3416,22
1732,5853,33
1733,2310,18
1734,3296,21
1735,5454,32
1736,4451,25
1737,5364,31
1738,1878,14
1739,1429,10
1740,4829,27
1741,2069,14
1742,1370,9
1743,4620,25
1744,5117,30
1745,5546,32
1746,5657,32
1747,993,7
1748,809,4
1749,4069,23
1750,1678,13
1751,5535,32
1752,3384,22
1753,1697,13
1754,2794,19
1755,2287,17
1756,1069,8
1757,3803,23
1758,5233,31
1759,2238,16
1760,1113,8
1761,5179,30
1762,2718,19
1763,5058,29
1764,1375,9
1765,4751,26
1766,3491,22
1767,5,0
1768,1904,14
1769,4237,24
1770,5336,31
1771,1740,13
1772,2316,18
1773,64,1
1774,5414,31
1775,935,6
1776,3649,23
1777,5088,29
1778,1053,8
1779,5184,31
1780,784,4
1781,3450,22
1782,4060,23
1783,2818,19
1784,5515,32
1785,3927,23
1786,2525,18
1787,5930,34
1788,1654,12
1789,3259,21
1790,2147,14
1791,5733,33
1792,4347,25
1793,1183,8
1794,3170,21
1795,2021,14
1796,3477,22
1797,5213,31
1798,3241,21
1799,1667,12
1800,451,3
1801,906,6
1802,2957,21
1803,1315,9
1804,3956,23
1805,717,3
1806,3676,23
1807,2016,14
1808,2231,16
1809,455,3
1810,2952,21
1811,3163,21
1812,457,3
1813,3236,21
1814,4230,24
1815,3478,22
1816,3892,23
1817,5220,31
1818,3926,23
1819,5715,33
1820,2668,18
1821,2753,19
1822,5312,31
1823,2773,19
1824,2354,18
1825,4448,25
1826,873,6
1827,2101,14
1828,3456,22
1829,1565,12
1830,44,1
1831,831,5
1832,2474,18
1833,3162,21
1834,5832,33
1835,2539,18
1836,17,1
1837,692,3
1838,123,1
1839,3565,22
1840,363,3
1841,972,6
1842,2969,21
1843,4014,23
1844,2679,18
1845,5846,33
1846,4898,27
1847,5118,30
1848,4875,27
1849,1084,8
1850,4907,27
1851,1750,14
1852,5571,32
1853,1283,9
1854,4928,27
1855,1517,11
1856,2796,19
1857,5387,31
1858,2556,18
1859,1829,14
1860,4468,25
1861,2017,14
1862,4514,25
1863,2133,14
1864,221,1
1865,587,3
1866,2375,18
1867,1041,8
1868,2008,14
1869,1445,10
1870,2705,18
1871,5704,33
1872,4337,25
1873,5230,31
1874,2437,18
1875,533,3
1876,199,1
1877,2048,14
1878,4762,26
1879,48,1
1880,4598,25
1881,5122,30
1882,1499,10
1883,828,5
1884,3975,23
1885,5981,34
1886,4317,25
1887,2156,15
1888,5420,31
1889,5840,33
1890,700,3
1891,963,6
1892,2665,18
1893,3969,23
1894,2413,18
1895,4434,25
1896,161,1
1897,1559,12
1898,1549,12
1899,2845,19
1900,5648,32
1901,1032,8
1902,876,6
1903,4175,24
1904,1569,12
1905,5994,34
1906,2793,19
1907,3955,23
1908,4098,24
1909,138,1
1910,925,6
1911,321,2
1912,3749,23
1913,4129,24
1914,4923,27
1915,4070,23
1916,5160,30
1917,2505,18
1918,5873,34
1919,4164,24
1920,3665,23
1921,3600,22
1922,5680,33
1923,4343,25
1924,4672,26
1925,3146,21
1926,3410,22
1927,4122,24
1928,4705,26
1929,252,1
1930,304,2
1931,2461,18
1932,2334,18
1933,2783,19
1934,4989,28
1935,2725,19
1936,237,1
1937,4125,24
1938,4926,27
1939,4894,27
1940,66,1
1941,4201,24
1942,531,3
1943,3299,21
1944,2142,14
1945,3239,21
1946,4868,27
1947,5067,29
1948,2819,19
1949,2627,18
1950,5538,32
1951,3614,23
1952,4310,24
1953,1656,12
1954,3219,21
1955,5322,31
1956,3670,23
1957,559,3
1958,1801,14
1959,1931,14
1960,4088,23
1961,433,3
1962,5032,29
1963,4053,23
1964,3288,21
1965,5708,33
1966,5909,34
1967,4772,26
1968,226,1
1969,166,1
1970,4908,27
1971,5524,32
1972,3554,22
1973,4615,25
1974,3356,22
1975,4838,27
1976,4601,25
1977,616,3
1978,4066,23
1979,1474,10
1980,712,3
1981,143,1
1982,3871,23
1983,2346,18
1984,134,1
1985,5250,31
1986,5045,29
1987,2797,19
1988,2091,14
1989,5962,34
1990,5377,31
1991,1344,9
1992,4754,26
1993,1787,14
1994,3698,23
1995,3280,21
1996,3897,23
1997,2128,14
1998,689,3
1999,3470,22
2000,2200,16
2001,2124,14
2002,4696,26
2003,337,2
2004,5365,31
2005,4292,24
2006,190,1
2007,5047,29
2008,253,1
2009,1348,9
2010,1420,10
2011,5848,33
2012,2985,21
2013,3520,22
2014,46,1
2015,103,1
2016,4798,26
2017,2270,17
2018,663,3
2019,272,2
2020,4035,23
2021,2409,18
2022,2457,18
2023,3583,22
2024,5695,33
2025,5015,28
2026,4911,27
2027,1085,8
2028,5851,33
2029,3076,21
2030,3678,23
2031,4753,26
2032,335,2
2033,3674,23
2034,4699,26
2035,1886,14
2036,656,3
2037,2269,16
2038,4087,23
2039,672,3
2040,1458,10
2041,871,6
2042,2847,19
2043,942,6
2044,4457,25
2045,2944,21
2046,3865,23
2047,3221,21
2048,1117,8
2049,1713,13
2050,2131,14
2051,1421,10
2052,1399,9
2053,2185,16
2054,702,3
2055,4557,25
2056,3943,23
2057,5310,31
2058,360,3
2059,5587,32
2060,800,4
2061,1825,14
2062,4428,25
2063,5796,33
2064,4874,27
2065,2807,19
2066,2446,18
2067,4910,27
2068,4152,24
2069,5048,29
2070,1387,9
2071,1710,13
2072,1732,13
2073,4114,24
2074,33,1
2075,2867,20
2076,1947,14
2077,1826,14
2078,5901,34
2079,769,4
2080,322,2
2081,606,3
2082,4581,25
2083,5261,31
2084,1635,12
2085,3691,23
2086,3688,23
2087,5534,32
2088,3991,23
2089,3028,21
2090,1301,9
2091,2508,18
2092,3466,22
2093,2829,19
2094,1617,12
2095,2324,18
2096,5431,31
2097,1419,10
2098,1860,14
2099,2937,21
2100,1969,14
2101,1545,12
2102,5026,29
2103,4770,26
2104,666,3
2105,2105,14
2106,5967,34
2107,4382,25
2108,2275,17
2109,4655,26
2110,4135,24
2111,3782,23
2112,3564,22
2113,1626,12
2114,4854,27
2115,5282,31
2116,2690,18
2117,3112,21
2118,3015,21
2119,4031,23
2120,2028,14
2121,1792,14
2122,454,3
2123,279,2
2124,2604,18
2125,242,1
2126,1597,12
2127,5700,33
2128,2742,19
2129,1977,14
2130,5168,30
2131,3459,22
2132,136,1
2133,1875,14
2134,1216,8
2135,4253,24
2136,3494,22
2137,1817,14
2138,5617,32
2139,4466,25
2140,2169,15
2141,351,3
2142,1709,13
2143,899,6
2144,5448,32
2145,405,3
2146,1785,14
2147,5140,30
2148,4212,24
2149,2738,19
2150,778,4
2151,4484,25
2152,3500,22
2153,2484,18
2154,5872,34
2155,3587,22
2156,3188,21
2157,1134,8
2158,4288,24
2159,168,1
2160,3567,22
2161,1470,10
2162,306,2
2163,394,3
2164,269,1
2165,1199,8
2166,4857,27
2167,4068,23
2168,5029,29
2169,203,1
2170,4725,26
2171,5640,32
2172,962,6
2173,469,3
2174,188,1
2175,584,3
2176,5121,30
2177,1476,10
2178,1297,9
2179,5636,32
2180,1712,13
2181,4842,27
2182,5897,34
2183,3483,22
2184,4137,24
2185,932,6
2186,5090,29
2187,1180,8
2188,1809,14
2189,5869,34
2190,1115,8
2191,5667,32
2192,5577,32
2193,2349,18
2194,3300,21
2195,333,2
2196,3718,23
2197,487,3
2198,789,4
2199,2339,18
2200,4562,25
2201,4761,26
2202,3932,23
2203,625,3
2204,4061,23
2205,2498,18
2206,1526,11
2207,2325,18
2208,2961,21
2209,5264,31
2210,2989,21
2211,1999,14
2212,5823,33
2213,1544,12
2214,3190,21
2215,2781,19
2216,3716,23
2217,1317,9
2218,3247,21
2219,4057,23
2220,3922,23
2221,2027,14
2222,5348,31
2223,4110,24
2224,5245,31
2225,5260,31
2226,4291,24
2227,931,6
2228,2645,18
2229,1838,14
2230,5492,32
2231,2712,18
2232,1681,13
2233,285,2
2234,3527,22
2235,2393,18
2236,1190,8
2237,2586,18
2238,530,3
2239,4418,25
2240,4146,24
2241,5338,31
2242,1162,8
2243,369,3
2244,3458,22
2245,3468,22
2246,240,1
2247,2064,14
2248,5096,29
2249,4624,25
2250,5510,32
2251,1911,14
2252,5633,32
2253,3628,23
2254,5554,32
2255,4691,26
2256,5611,32
2257,3355,22
2258,5795,33
2259,726,3
2260,2341,18
2261,2608,18
2262,4971,27
2263,3801,23
2264,5734,33
2265,193,1
2266,4268,24
2267,3552,22
2268,2376,18
2269,465,3
2270,2883,20
2271,489,3
2272,3513,22
2273,2919,20
2274,4187,24
2275,1064,8
2276,5389,31
2277,52,1
2278,4303,24
2279,1282,9
2280,4262,24
2281,4869,27
2282,2360,18
2283,1741,13
2284,5309,31
2285,1132,8
2286,4909,27
2287,3233,21
2288,3010,21
2289,5885,34
2290,1383,9
2291,4412,25
2292,4755,26
2293,2492,18
2294,2222,16
2295,425,3
2296,4052,23
2297,5939,34
2298,2151,15
2299,3216,21
2300,3626,23
2301,3985,23
2302,5482,32
2303,610,3
2304,4372,25
2305,1299,9
2306,4831,27
2307,4871,27
2308,317,2
2309,2490,18
2310,3523,22
2311,4452,25
2312,191,1
2313,5976,34
2314,3056,21
2315,3418,22
2316,4278,24
2317,5830,33
2318,1790,14
2319,3305,21
2320,4051,23
2321,3883,23
2322,124,1
2323,558,3
2324,2421,18
2325,1318,9
2326,5321,31
2327,890,6
2328,4297,24
2329,5944,34
2330,4640,26
2331,2623,18
2332,4179,24
2333,4714,26
2334,2382,18
2335,5744,33
2336,3638,23
2337,1042,8
2338,5241,31
2339,3580,22
2340,3408,22
2341,5470,32
2342,1805,14
2343,4330,25
2344,4799,26
2345,3901,23
2346,2059,14
2347,2201,16
2348,3661,23
2349,1791,14
2350,2203,16
2351,5203,31
2352,5019,29
2353,2584,18
2354,307,2
2355,4550,25
2356,4670,26
2357,1456,10
2358,3406,22
2359,3838,23
2360,4821,26
2361,2534,18
2362,1165,8
2363,607,3
2364,3225,21
2365,1820,14
2366,4802,26
2367,1206,8
2368,5452,32
2369,4949,27
2370,4054,23
2371,1601,12
2372,5061,29
2373,3374,22
2374,917,6
2375,3147,21
2376,5691,33
2377,5581,32
2378,647,3
2379,788,4
2380,5357,31
2381,718,3
2382,2153,15
2383,1659,12
2384,1066,8
2385,5605,32
2386,955,6
2387,507,3
2388,1928,14
2389,5674,33
2390,5373,31
2391,1843,14
2392,1398,9
2393,2143,14
2394,3084,21
2395,3705,23
2396,3395,22
2397,3574,22
2398,5004,28
2399,4532,25
2400,1194,8
2401,5964,34
2402,2834,19
2403,1288,9
2404,770,4
2405,5006,28
2406,3919,23
2407,3539,22
2408,5952,34
2409,4493,25
2410,2084,14
2411,996,7
2412,5953,34
2413,3349,22
2414,2255,16
2415,4443,25
2416,3817,23
2417,3920,23
2418,1252,8
2419,1851,14
2420,2424,18
2421,1695,13
2422,4204,24
2423,3573,22
2424,4141,24
2425,1423,10
2426,1562,12
2427,4140,24
2428,3560,22
2429,1844,14
2430,514,3
2431,2439,18
2432,3936,23
2433,484,3
2434,255,1
2435,2477,18
2436,2541,18
2437,4353,25
2438,5150,30
2439,5838,33
2440,676,3
2441,3966,23
2442,2258,16
2443,1051,8
2444,1596,12
2445,1668,12
2446,4573,25
2447,2412,18
2448,2266,16
2449,4207,24
2450,2359,18
2451,4300,24
2452,2029,14
2453,4180,24
2454,4591,25
2455,1870,14
2456,2014,14
2457,4999,28
2458,4560,25
2459,2956,21
2460,4976,27
2461,1127,8
2462,4978,27
2463,1899,14
2464,4787,26
2465,3251,21
2466,3740,23
2467,2077,14
2468,755,4
2469,4109,24
2470,296,2
2471,4674,26
2472,662,3
2473,1532,11
2474,4387,25
2475,1846,14
2476,3522,22
2477,4844,27
2478,5057,29
2479,266,1
2480,1381,9
2481,2441,18
2482,1204,8
2483,2531,18
2484,794,4
2485,1572,12
2486,1140,8
2487,5936,34
2488,2825,19
2489,5550,32
2490,3909,23
2491,2676,18
2492,2148,15
2493,2144,14
2494,614,3
2495,72,1
2496,2564,18
2497,2785,19
2498,1918,14
2499,5957,34
2500,1004,7
2501,3569,22
2502,3812,23
2503,3747,23
2504,5632,32
2505,1547,12
2506,3963,23
2507,1057,8
2508,2975,21
2509,626,3
2510,635,3
2511,2074,14
2512,3880,23
2513,4407,25
2514,4279,24
2515,5025,29
2516,4631,25
2517,3931,23
2518,3155,21
2519,3795,23
2520,5637,32
2521,459,3
2522,1212,8
2523,5595,32
2524,5724,33
2525,5809,33
2526,3940,23
2527,3087,21
2528,3525,22
2529,1400,9
2530,5720,33
2531,1520,11
2532,3937,23
2533,3078,21
2534,1106,8
2535,248,1
2536,4883,27
2537,5728,33
2538,3807,23
2539,2737,19
2540,4441,25
2541,5493,32
2542,4009,23
2543,85,1
2544,2990,21
2545,4836,27
2546,4741,26
2547,5511,32
2548,397,3
2549,4650,26
2550,5384,31
2551,1687,13
2552,1083,8
2553,1624,12
2554,456,3
2555,5427,31
2556,348,3
2557,2288,17
2558,5011,28
2559,2675,18
2560,2709,18
2561,4700,26
2562,2597,18
2563,4282,24
2564,637,3
2565,423,3
2566,750,4
2567,3947,23
2568,1963,14
2569,5172,30
2570,5390,31
2571,5209,31
2572,2138,14
2573,1133,8
2574,5827,33
2575,3407,22
2576,1324,9
2577,4981,27
2578,3227,21
2579,78,1
2580,5690,33
2581,4820,26
2582,2609,18
2583,2504,18
2584,4931,27
2585,1734,13
2586,323,2
2587,3446,22
2588,2844,19
2589,4024,23
2590,597,3
2591,2090,14
2592,5918,34
2593,2394,18
2594,271,2
2595,4886,27
2596,2416,18
2597,4959,27
2598,5412,31
2599,5895,34
2600,3453,22
2601,223,1
2602,512,3
2603,5717,33
2604,4032,23
2605,3027,21
2606,4812,26
2607,3697,23
2608,2230,16
2609,5748,33
2610,2917,20
2611,5018,29
2612,529,3
2613,2212,16
2614,214,1
2615,3399,22
2616,2942,21
2617,4272,24
2618,127,1
2619,4807,26
2620,5763,33
2621,2548,18
2622,933,6
2623,3763,23
2624,2103,14
2625,5968,34
2626,5907,34
2627,5318,31
2628,508,3
2629,776,4
2630,5323,31
2631,2588,18
2632,2098,14
2633,1603,12
2634,2868,20
2635,5995,34
2636,4386,25
2637,2506,18
2638,797,4
2639,5665,32
2640,4678,26
2641,1859,14
2642,1856,14
2643,3242,21
2644,2276,17
2645,2067,14
2646,1440,10
2647,5934,34
2648,4476,25
2649,2364,18
2650,4637,25
2651,129,1
2652,3359,22
2653,5751,33
2654,1716,13
2655,184,1
2656,4425,25
2657,5903,34
2658,913,6
2659,1146,8
2660,2560,18
2661,1865,14
2662,1663,12
2663,5743,33
2664,5244,31
2665,3357,22
2666,4416,25
2667,5253,31
2668,2218,16
2669,4245,24
2670,4091,23
2671,5503,32
2672,4913,27
2673,4089,23
2674,1600,12
2675,922,6
2676,581,3
2677,2453,18
2678,4002,23
2679,2227,16
2680,2378,18
2681,796,4
2682,2113,14
2683,2983,21
2684,595,3
2685,3485,22
2686,1872,14
2687,4357,25
2688,4632,25
2689,5991,34
2690,2262,16
2691,1629,12
2692,1786,14
2693,2111,14
2694,2247,16
2695,4086,23
2696,1711,13
2697,5891,34
2698,2152,15
2699,2658,18
2700,2229,16
2701,3835,23
2702,1729,13
2703,4391,25
2704,772,4
2705,1352,9
2706,1611,12
2707,444,3
2708,4891,27
2709,2653,18
2710,3929,23
2711,211,1
2712,5732,33
2713,3825,23
2714,4726,26
2715,4277,24
2716,3827,23
2717,3099,21
2718,303,2
2719,3742,23
2720,4424,25
2721,344,3
2722,695,3
2723,4763,26
2724,2141,14
2725,1497,10
2726,3844,23
2727,2730,19
2728,5560,32
2729,3437,22
2730,4609,25
2731,4540,25
2732,2849,19
2733,1154,8
2734,2998,21
2735,5197,31
2736,4586,25
2737,3151,21
2738,1644,12
2739,5888,34
2740,1175,8
2741,5522,32
2742,1973,14
2743,5291,31
2744,2873,20
2745,1538,12
2746,5505,32
2747,2224,16
2748,5947,34
2749,4646,26
2750,534,3
2751,4669,26
2752,2146,14
2753,1814,14
2754,4659,26
2755,1602,12
2756,1658,12
2757,3292,21
2758,5100,29
2759,1209,8
2760,2507,18
2761,2428,18
2762,5996,34
2763,2294,17
2764,4784,26
2765,3271,21
2766,732,3
2767,116,1
2768,4595,25
2769,3012,21
2770,1466,10
2771,1469,10
2772,3818,23
2773,2693,18
2774,4736,26
2775,4828,27
2776,1871,14
2777,3896,23
2778,4322,25
2779,904,6
2780,3166,21
2781,5908,34
2782,3977,23
2783,4112,24
2784,4870,27
2785,2758,19
2786,3138,21
2787,554,3
2788,3938,23
2789,978,6
2790,1486,10
2791,5275,31
2792,2280,17
2793,5293,31
2794,4273,24
2795,2281,17
2796,535,3
2797,3262,21
2798,4656,26
2799,45,1
2800,3652,23
2801,4222,24
2802,5893,34
2803,5235,31
2804,2744,19
2805,379,3
2806,757,4
2807,5638,32
2808,2801,19
2809,1264,9
2810,1940,14
2811,2863,19
2812,1495,10
2813,4728,26
2814,817,4
2815,729,3
2816,1691,13
2817,251,1
2818,1200,8
2819,2292,17
2820,2865,19
2821,2296,17
2822,1031,8
2823,1990,14
2824,1995,14
2825,4151,24
2826,3045,21
2827,173,1
2828,3760,23
2829,2199,16
2830,4858,27
2831,1188,8
2832,5780,33
2833,846,6
2834,2450,18
2835,3884,23
2836,4039,23
2837,840,5
2838,3605,23
2839,311,2
2840,5192,31
2841,5841,33
2842,4248,24
2843,4220,24
2844,3387,22
2845,1877,14
2846,330,2
2847,4701,26
2848,368,3
2849,2992,21
2850,1298,9
2851,1736,13
2852,3334,22
2853,773,4
2854,178,1
2855,1481,10
2856,1774,14
2857,1173,8
2858,1102,8
2859,1745,13
2860,5750,33
2861,2431,18
2862,5166,30
2863,2869,20
2864,3849,23
2865,3711,23
2866,3548,22
2867,5824,33
2868,25,1
2869,1071,8
2870,3822,23
2871,478,3
2872,864,6
2873,320,2
2874,2479,18
2875,2365,18
2876,5315,31
2877,4375,25
2878,135,1
2879,4756,26
2880,847,6
2881,2959,21
2882,941,6
2883,4960,27
2884,2562,18
2885,2500,18
2886,5971,34
2887,2968,21
2888,3129,21
2889,2475,18
2890,5552,32
2891,808,4
2892,2971,21
2893,3502,22
2894,3586,22
2895,565,3
2896,1913,14
2897,883,6
2898,1502,10
2899,1361,9
2900,5860,33
2901,1863,14
2902,2864,19
2903,1728,13
2904,3914,23
2905,4603,25
2906,2010,14
2907,3771,23
2908,826,5
2909,5453,32
2910,185,1
2911,5615,32
2912,5745,33
2913,2689,18
2914,4636,25
2915,3143,21
2916,2220,16
2917,5177,30
2918,4258,24
2919,3934,23
2920,1267,9
2921,4318,25
2922,4825,27
2923,1328,9
2924,5043,29
2925,1941,14
2926,1291,9
2927,5676,33
2928,966,6
2929,3813,23
2930,671,3
2931,3086,21
2932,5871,34
2933,4079,23
2934,855,6
2935,2397,18
2936,4078,23
2937,4163,24
2938,3339,22
2939,3744,23
2940,4692,26
2941,4986,27
2942,868,6
2943,406,3
2944,2267,16
2945,3347,22
2946,1926,14
2947,3473,22
2948,83,1
2949,3314,21
2950,4929,27
2951,2882,20
2952,5307,31
2953,5575,32
2954,4676,26
2955,3283,21
2956,1048,8
2957,2721,19
2958,4719,26
2959,1788,14
2960,3378,22
2961,165,1
2962,5381,31
2963,631,3
2964,1757,14
2965,5626,32
2966,2932,21
2967,5306,31
2968,2764,19
2969,2610,18
2970,679,3
2971,1007,8
2972,1182,8
2973,2305,17
2974,5725,33
2975,1050,8
2976,4823,26
2977,775,4
2978,1409,9
2979,2692,18
2980,4351,25
2981,94,1
2982,5254,31
2983,3725,23
2984,3141,21
2985,5393,31
2986,4426,25
2987,2688,18
2988,4429,25
2989,4567,25
2990,1964,14
2991,2751,19
2992,5395,31
2993,5508,32
2994,5852,33
2995,1800,14
2996,5017,29
2997,3441,22
2998,1715,13
2999,4270,24
3000,3455,22
3001,5210,31
3002,3581,22
3003,125,1
3004,3051,21
3005,5998,34
3006,887,6
3007,5271,31
3008,2733,19
3009,856,6
3010,4746,26
3011,1087,8
3012,2886,20
3013,1351,9
3014,3642,23
3015,716,3
3016,5758,33
3017,4564,25
3018,885,6
3019,3945,23
3020,2248,16
3021,2517,18
3022,5699,33
3023,5863,33
3024,3094,21
3025,4792,26
3026,3175,21
3027,5023,29
3028,5302,31
3029,3290,21
3030,5397,31
3031,3077,21
3032,3412,22
3033,3721,23
3034,2535,18
3035,1396,9
3036,4065,23
3037,2625,18
3038,3888,23
3039,3544,22
3040,5363,31
3041,2115,14
3042,1890,14
3043,4638,25
3044,3255,21
3045,3223,21
3046,1536,12
3047,2041,14
3048,1143,8
3049,4686,26
3050,3377,22
3051,2468,18
3052,3510,22
3053,234,1
3054,435,3
3055,4497,25
3056,5819,33
3057,5131,30
3058,4348,25
3059,751,4
3060,1542,12
3061,914,6
3062,1276,9
3063,3866,23
3064,1422,10
3065,2333,18
3066,1908,14
3067,2076,14
3068,1504,10
3069,4501,25
3070,3923,23
3071,1428,10
3072,3501,22
3073,5536,32
3074,464,3
3075,1323,9
3076,3,0
3077,59,1
3078,1631,12
3079,4776,26
3080,4439,25
3081,3804,23
3082,1527,11
3083,4697,26
3084,164,1
3085,5084,29
3086,329,2
3087,1780,14
3088,1418,10
3089,4191,24
3090,5429,31
3091,2037,14
3092,3518,22
3093,4748,26
3094,1587,12
3095,1244,8
3096,3081,21
3097,3052,21
3098,5900,34
3099,2596,18
3100,4113,24
3101,5798,33
3102,3017,21
3103,4972,27
3104,5719,33
3105,5618,32
3106,4188,24
3107,4020,23
3108,4723,26
3109,560,3
3110,5757,33
3111,2306,17
3112,1971,14
3113,4216,24
3114,3476,22
3115,5075,29
3116,246,1
3117,965,6
3118,3816,23
3119,5777,33
3120,1552,12
3121,2902,20
3122,3942,23
3123,2372,18
3124,703,3
3125,1511,10
3126,5495,32
3127,3007,21
3128,5398,31
3129,548,3
3130,2550,18
3131,1364,9
3132,86,1
3133,2202,16
3134,5808,33
3135,2788,19
3136,919,6
3137,334,2
3138,5771,33
3139,5548,32
3140,2673,18
3141,5009,28
3142,1160,8
3143,4543,25
3144,1841,14
3145,1156,8
3146,1730,13
3147,5938,34
3148,3645,23
3149,1120,8
3150,2215,16
3151,1340,9
3152,504,3
3153,5526,32
3154,388,3
3155,926,6
3156,2644,18
3157,3199,21
3158,1427,10
3159,5958,34
3160,5103,29
3161,1672,12
3162,956,6
3163,4249,24
3164,3046,21
3165,3186,21
3166,4916,27
3167,3786,23
3168,5225,31
3169,47,1
3170,4830,27
3171,5164,30
3172,5303,31
3173,2727,19
3174,1925,14
3175,4852,27
3176,3343,22
3177,2411,18
3178,395,3
3179,1170,8
3180,4679,26
3181,1271,9
3182,2537,18
3183,3682,23
3184,3582,22
3185,2081,14
3186,4084,23
3187,4305,24
3188,3413,22
3189,1505,10
3190,2852,19
3191,53,1
3192,1431,10
3193,1377,9
3194,3687,23
3195,5036,29
3196,4551,25
3197,3363,22
3198,2106,14
3199,4529,25
3200,2228,16
3201,2463,18
3202,5960,34
3203,4131,24
3204,1330,9
3205,1778,14
3206,3127,21
3207,3593,22
3208,2908,20
3209,458,3
3210,2842,19
3211,5299,31
3212,3389,22
3213,5247,31
3214,1405,9
3215,2958,21
3216,5000,28
3217,793,4
3218,3108,21
3219,5053,29
3220,3669,23
3221,982,7
3222,4617,25
3223,4509,25
3224,4941,27
3225,3293,21
3226,2045,14
3227,3277,21
3228,1649,12
3229,1482,10
3230,2951,21
3231,3714,23
3232,3734,23
3233,682,3
3234,4602,25
3235,490,3
3236,3591,22
3237,2771,19
3238,4264,24
3239,225,1
3240,5882,34
3241,785,4
3242,1898,14
3243,5443,32
3244,4128,24
3245,1098,8
3246,4296,24
3247,5783,33
3248,3837,23
3249,1013,8
3250,3585,22
3251,4379,25
3252,5428,31
3253,4588,25
3254,1673,12
3255,3442,22
3256,301,2
3257,5759,33
3258,3543,22
3259,152,1
3260,1372,9
3261,97,1
3262,4653,26
3263,4274,24
3264,745,4
3265,5894,34
3266,2032,14
3267,157,1
3268,4298,24
3269,5603,32
3270,2641,18
3271,1129,8
3272,3254,21
3273,1184,8
3274,1591,12
3275,1606,12
3276,1124,8
3277,2682,18
3278,4545,25
3279,3145,21
3280,1938,14
3281,1125,8
3282,1588,12
3283,3671,23
3284,3037,21
3285,3662,23
3286,4255,24
3287,4275,24
3288,1534,12
3289,4047,23
3290,725,3
3291,3673,23
3292,5041,29
3293,3823,23
3294,1628,12
3295,3426,22
3296,590,3
3297,3788,23
3298,3508,22
3299,3950,23
3300,1625,12
3301,1989,14
3302,159,1
3303,3035,21
3304,5764,33
3305,3368,22
3306,586,3
3307,2300,17
3308,3602,22
3309,567,3
3310,4534,25
3311,3657,23
3312,1751,14
3313,5619,32
3314,5529,32
3315,2900,20
3316,187,1
3317,1676,13
3318,144,1
3319,2085,14
3320,722,3
3321,2323,18
3322,5099,29
3323,5400,31
3324,4578,25
3325,436,3
3326,5582,32
3327,3240,21
3328,1040,8
3329,14,0
3330,2647,18
3331,1632,12
3332,434,3
3333,107,1
3334,4727,26
3335,585,3
3336,3879,23
3337,1058,8
3338,749,4
3339,2768,19
3340,1833,14
3341,2427,18
3342,719,3
3343,628,3
3344,5890,34
3345,5368,31
3346,5701,33
3347,3961,23
3348,1974,14
3349,1213,8
3350,1355,9
3351,5857,33
3352,3964,23
3353,5519,32
3354,4516,25
3355,3302,21
3356,3451,22
3357,4336,25
3358,2835,19
3359,1742,13
3360,843,6
3361,3435,22
3362,5346,31
3363,1580,12
3364,2379,18
3365,4984,27
3366,5199,31
3367,5450,32
3368,630,3
3369,2945,21
3370,1914,14
3371,685,3
3372,3210,21
3373,4294,24
3374,3250,21
3375,4289,24
3376,3506,22
3377,28,1
3378,327,2
3379,5653,32
3380,2713,19
3381,2587,18
3382,1287,9
3383,2708,18
3384,2175,16
3385,1484,10
3386,4969,27
3387,2542,18
3388,257,1
3389,4402,25
3390,4559,25
3391,1753,14
3392,3853,23
3393,499,3
3394,1650,12
3395,3970,23
3396,3536,22
3397,2225,16
3398,5474,32
3399,73,1
3400,667,3
3401,5590,32
3402,4159,24
3403,312,2
3404,1061,8
3405,4938,27
3406,5912,34
3407,4582,25
3408,3130,21
3409,746,4
3410,2422,18
3411,1442,10
3412,2875,20
3413,3903,23
3414,979,6
3415,2862,19
3416,1796,14
3417,2284,17
3418,4724,26
3419,5391,31
3420,284,2
3421,241,1
3422,4778,26
3423,5629,32
3424,2524,18
3425,3916,23
3426,263,1
3427,75,1
3428,4430,25
3429,4936,27
3430,5601,32
3431,2005,14
3432,416,3
3433,1503,10
3434,3575,22
3435,3545,22
3436,3338,22
3437,4998,28
3438,4178,24
3439,1090,8
3440,5767,33
3441,5337,31
3442,1509,10
3443,2981,21
3444,5480,32
3445,4494,25
3446,2855,19
3447,1178,8
3448,1700,13
3449,2039,14
3450,3612,23
3451,911,6
3452,1082,8
3453,2315,18
3454,5932,34
3455,2440,18
3456,1094,8
3457,1,0
3458,596,3
3459,516,3
3460,3433,22
3461,5129,30
3462,5497,32
3463,26,1
3464,3291,21
3465,2015,14
3466,1847,14
3467,4790,26
3468,482,3
3469,4973,27
3470,1619,12
3471,4004,23
3472,352,3
3473,4796,26
3474,4182,24
3475,222,1
3476,2602,18
3477,991,7
3478,3274,21
3479,3058,21
3480,5562,32
3481,1371,9
3482,1109,8
3483,3207,21
3484,986,7
3485,494,3
3486,1292,9
3487,4224,24
3488,4805,26
3489,5352,31
3490,608,3
3491,5403,31
3492,5784,33
3493,669,3
3494,5679,33
3495,2739,19
3496,1647,12
3497,5712,33
3498,623,3
3499,51,1
3500,3132,21
3501,1201,8
3502,547,3
3503,1699,13
3504,998,7
3505,4925,27
3506,3693,23
3507,562,3
3508,4021,23
3509,2380,18
3510,2750,19
3511,175,1
3512,2577,18
3513,1360,9
3514,3131,21
3515,5022,29
3516,1769,14
3517,3203,21
3518,954,6
3519,2950,21
3520,2530,18
3521,4393,25
3522,3218,21
3523,4320,25
3524,5982,34
3525,1680,13
3526,3555,22
3527,5064,29
3528,163,1
3529,3244,21
3530,3054,21
3531,1868,14
3532,3279,21
3533,1020,8
3534,3165,21
3535,5747,33
3536,3297,21
3537,273,2
3538,2319,18
3539,4924,27
3540,1692,13
3541,5333,31
3542,5811,33
3543,3102,21
3544,1430,10
3545,2795,19
3546,1554,12
3547,5072,29
3548,281,2
3549,410,3
3550,298,2
3551,2669,18
3552,212,1
3553,2519,18
3554,5568,32
3555,3981,23
3556,4553,25
3557,4688,26
3558,3109,21
3559,5331,31
3560,3540,22
3561,4205,24
3562,1970,14
3563,2001,14
3564,319,2
3565,4994,28
3566,93,1
3567,4154,24
3568,54,1
3569,5159,30
3570,4153,24
3571,5623,32
3572,3694,23
3573,4785,26
3574,2451,18
3575,1304,9
3576,1804,14
3577,309,2
3578,1030,8
3579,5943,34
3580,2235,16
3581,208,1
3582,2977,21
3583,2145,14
3584,5136,30
3585,4083,23
3586,3178,21
3587,3383,22
3588,5314,31
3589,4481,25
3590,5196,31
3591,4546,25
3592,984,7
3593,2056,14
3594,5215,31
3595,4200,24
3596,680,3
3597,1840,14
3598,1543,12
3599,3992,23
3600,5457,32
3601,5124,30
3602,2494,18
3603,1334,9
3604,1866,14
3605,3738,23
3606,3732,23
3607,5229,31
3608,1047,8
3609,3098,21
3610,2936,21
3611,1367,9
3612,5288,31
3613,5556,32
3614,1618,12
3615,5709,33
3616,3439,22
3617,849,6
3618,3224,21
3619,4541,25
3620,299,2
3621,4460,25
3622,1089,8
3623,1927,14
3624,4019,23
3625,3769,23
3626,1988,14
3627,737,3
3628,1415,10
3629,4423,25
3630,3777,23
3631,2752,19
3632,781,4
3633,5813,33
3634,5651,32
3635,1016,8
3636,1172,8
3637,1648,12
3638,5915,34
3639,1578,12
3640,1402,9
3641,1507,10
3642,648,3
3643,4793,26
3644,20,1
3645,2080,14
3646,2572,18
3647,3876,23
3648,3512,22
3649,1546,12
3650,340,3
3651,1561,12
3652,5833,33
3653,5920,34
3654,4584,25
3655,4040,23
3656,4992,28
3657,4043,23
3658,884,6
3659,3745,23
3660,3417,22
3661,2837,19
3662,591,3
3663,2314,18
3664,3859,23
3665,1187,8
3666,4622,25
3667,3526,22
3668,4080,23
3669,5153,30
3670,38,1
3671,3119,21
3672,4192,24
3673,4302,24
3674,3041,21
3675,3495,22
3676,4171,24
3677,3684,23
3678,2328,18
3679,783,4
3680,518,3
3681,833,5
3682,4889,27
3683,140,1
3684,4491,25
3685,1029,8
3686,577,3
3687,5910,34
3688,4729,26
3689,4944,27
3690,2831,19
3691,341,3
3692,5828,33
3693,2918,20
3694,3953,23
3695,2466,18
3696,1862,14
3697,5003,28
3698,2660,18
3699,4082,23
3700,3008,21
3701,1373,9
3702,1746,14
3703,4970,27
3704,2872,20
3705,2410,18
3706,5200,31
3707,5572,32
3708,2118,14
3709,3877,23
3710,4774,26
3711,1633,12
3712,2899,20
3713,1684,13
3714,5528,32
3715,4745,26
3716,2274,17
3717,2716,19
3718,432,3
3719,699,3
3720,5145,30
3721,4271,24
3722,3733,23
3723,995,7
3724,3832,23
3725,2286,17
3726,1524,11
3727,5130,30
3728,5407,31
3729,5965,34
3730,4263,24
3731,5835,33
3732,4097,24
3733,6,0
3734,2715,19
3735,799,4
3736,5097,29
3737,3619,23
3738,3228,21
3739,2580,18
3740,15,1
3741,3425,22
3742,1091,8
3743,4475,25
3744,5565,32
3745,701,3
3746,2544,18
3747,2853,19
3748,1799,14
3749,1006,8
3750,513,3
3751,2419,18
3752,413,3
3753,645,3
3754,640,3
3755,1806,14
3756,1108,8
3757,1598,12
3758,3123,21
3759,2915,20
3760,1749,14
3761,5094,29
3762,1137,8
3763,1342,9
3764,2125,14
3765,4625,25
3766,4948,27
3767,4231,24
3768,385,3
3769,56,1
3770,3340,22
3771,4873,27
3772,4123,24
3773,3212,21
3774,1231,8
3775,5472,32
3776,2320,18
3777,1138,8
3778,5664,32
3779,3026,21
3780,450,3
3781,5834,33
3782,3158,21
3783,798,4
3784,564,3
3785,1714,13
3786,3907,23
3787,1837,14
3788,3650,23
3789,787,4
3790,5083,29
3791,2570,18
3792,967,6
3793,2710,18
3794,3911,23
3795,5107,29
3796,2047,14
3797,1438,10
3798,5491,32
3799,4094,24
3800,2972,21
3801,3150,21
3802,1391,9
3803,3789,23
3804,1933,14
3805,3607,23
3806,491,3
3807,2988,21
3808,786,4
3809,3624,23
3810,5404,31
3811,1855,14
3812,1651,12
3813,4824,27
3814,1135,8
3815,3843,23
3816,195,1
3817,4213,24
3818,300,2
3819,1107,8
3820,1638,12
3821,2108,14
3822,1388,9
3823,1881,14
3824,16,1
3825,2532,18
3826,2916,20
3827,3064,21
3828,1795,14
3829,1413,10
3830,3683,23
3831,3320,21
3832,1224,8
3833,1341,9
3834,1485,10
3835,5592,32
3836,5969,34
3837,5501,32
3838,3144,21
3839,3172,21
3840,4458,25
3841,2696,18
3842,339,2
3843,4576,25
3844,2095,14
3845,3515,22
3846,4942,27
3847,3836,23
3848,3348,22
3849,5810,33
3850,156,1
3851,4593,25
3852,1953,14
3853,5478,32
3854,3195,21
3855,683,3
3856,417,3
3857,183,1
3858,5879,34
3859,970,6
3860,4881,27
3861,948,6
3862,5644,32
3863,5769,33
3864,2921,20
3865,1358,9
3866,3736,23
3867,4287,24
3868,5405,31
3869,254,1
3870,4203,24
3871,4119,24
3872,1192,8
3873,370,3
3874,4055,23
3875,2791,19
3876,2881,20
3877,4339,25
3878,2520,18
3879,4013,23
3880,2995,21
3881,5684,33
3882,3710,23
3883,4596,25
3884,3198,21
3885,4210,24
3886,5914,34
3887,806,4
3888,3845,23
3889,5878,34
3890,1609,12
3891,5831,33
3892,4044,23
3893,3351,22
3894,1991,14
3895,5127,30
3896,1241,8
3897,3708,23
3898,4185,24
3899,3793,23
3900,1850,14
3901,1401,9
3902,244,1
3903,2514,18
3904,2326,18
3905,2836,19
3906,5762,33
3907,1464,10
3908,992,7
3909,2618,18
3910,4199,24
3911,2,0
3912,4651,26
3913,2657,18
3914,3070,21
3915,2377,18
3916,182,1
3917,5652,32
3918,4120,24
3919,593,3
3920,5155,30
3921,5800,33
3922,1075,8
3923,820,5
3924,1203,8
3925,5294,31
3926,4612,25
3927,5933,34
3928,3126,21
3929,3620,23
3930,3524,22
3931,4419,25
3932,3891,23
3933,4693,26
3934,498,3
3935,2486,18
3936,4740,26
3937,4806,26
3938,3979,23
3939,4235,24
3940,3159,21
3941,3414,22
3942,2533,18
3943,1250,8
3944,5479,32
3945,1758,14
3946,2748,19
3947,3809,23
3948,5465,32
3949,2062,14
3950,4111,24
3951,4855,27
3952,384,3
3953,5868,34
3954,4394,25
3955,3516,22
3956,2601,18
3957,2155,15
3958,5606,32
3959,374,3
3960,2497,18
3961,958,6
3962,2019,14
3963,1145,8
3964,5078,29
3965,2024,14
3966,2840,19
3967,2447,18
3968,1577,12
3969,3850,23
3970,1724,13
3971,5496,32
3972,4987,28
3973,477,3
3974,2701,18
3975,2949,21
3976,1166,8
3977,4671,26
3978,3273,21
3979,492,3
3980,897,6
3981,4095,24
3982,1284,9
3983,881,6
3984,851,6
3985,651,3
3986,5999,34
3987,2651,18
3988,5052,29
3989,1975,14
3990,929,6
3991,571,3
3992,1560,12
3993,4,0
3994,2184,16
3995,3128,21
3996,2338,18
3997,22,1
3998,1285,9
3999,1932,14
4000,2622,18
4001,4781,26
4002,2369,18
4003,3924,23
4004,5746,33
4005,3154,21
4006,5257,31
4007,1076,8
4008,2697,18
4009,1002,7
4010,5093,29
4011,1263,9
4012,3514,22
4013,3505,22
4014,5028,29
4015,3270,21
4016,50,1
4017,2405,18
4018,4464,25
4019,989,7
4020,1802,14
4021,2962,21
4022,389,3
4023,2756,19
4024,5646,32
4025,4431,25
4026,1541,12
4027,356,3
4028,3325,21
4029,3980,23
4030,720,3
4031,1033,8
4032,2388,18
4033,442,3
4034,553,3
4035,892,6
4036,2858,19
4037,1590,12
4038,807,4
4039,4880,27
4040,1965,14
4041,2905,20
4042,2485,18
4043,4007,23
4044,2234,16
4045,5181,31
4046,2719,19
4047,5467,32
4048,5385,31
4049,2674,18
4050,466,3
4051,3403,22
4052,1483,10
4053,5923,34
4054,5500,32
4055,2909,20
4056,3867,23
4057,1454,10
4058,4786,26
4059,4018,23
4060,1765,14
4061,2684,18
4062,342,3
4063,1683,13
4064,1092,8
4065,4524,25
4066,5586,32
4067,4477,25
4068,727,3
4069,5091,29
4070,4580,25
4071,5805,33
4072,2547,18
4073,3717,23
4074,1815,14
4075,4623,25
4076,5612,32
4077,2832,19
4078,3928,23
4079,5721,33
4080,92,1
4081,120,1
4082,4456,25
4083,1412,9
4084,3553,22
4085,858,6
4086,1096,8
4087,5545,32
4088,4966,27
4089,4890,27
4090,5826,33
4091,2347,18
4092,5984,34
4093,1980,14
4094,5297,31
4095,5240,31
4096,2924,21
4097,3153,21
4098,3796,23
4099,3621,23
4100,5756,33
4101,1900,14
4102,1816,14
4103,4050,23
4104,3617,23
4105,802,4
4106,4510,25
4107,3925,23
4108,3420,22
4109,4630,25
4110,1828,14
4111,3362,22
4112,2723,19
4113,2277,17
4114,976,6
4115,5157,30
4116,4090,23
4117,1376,9
4118,2763,19
4119,2386,18
4120,907,6
4121,4695,26
4122,1917,14
4123,219,1
4124,779,4
4125,519,3
4126,3878,23
4127,5326,31
4128,4647,26
4129,4265,24
4130,3997,23
4131,4269,24
4132,5042,29
4133,5539,32
4134,973,6
4135,7,0
4136,4527,25
4137,5591,32
4138,5821,33
4139,4769,26
4140,2495,18
4141,5485,32
4142,1845,14
4143,5549,32
4144,58,1
4145,3608,23
4146,3253,21
4147,5272,31
4148,2993,21
4149,5946,34
4150,3598,22
4151,5705,33
4152,1907,14
4153,2568,18
4154,5730,33
4155,5703,33
4156,804,4
4157,146,1
4158,2987,21
4159,1247,8
4160,684,3
4161,5793,33
4162,2775,19
4163,3829,23
4164,539,3
4165,5012,28
4166,2680,18
4167,3875,23
4168,81,1
4169,4917,27
4170,1234,8
4171,400,3
4172,297,2
4173,3873,23
4174,1679,13
4175,3438,22
4176,2295,17
4177,5249,31
4178,1359,9
4179,3563,22
4180,4156,24
4181,2293,17
4182,5252,31
4183,2691,18
4184,4702,26
4185,2384,18
4186,1333,9
4187,961,6
4188,2800,19
4189,3171,21
4190,4100,24
4191,3306,21
4192,5232,31
4193,2522,18
4194,3187,21
4195,3177,21
4196,1993,14
4197,5663,32
4198,945,6
4199,3118,21
4200,2603,18
4201,2006,14
4202,1468,10
4203,1229,8
4204,4977,27
4205,2401,18
4206,2127,14
4207,4496,25
4208,2638,18
4209,4764,26
4210,2358,18
4211,1739,13
4212,419,3
4213,5516,32
4214,2578,18
4215,5189,31
4216,3471,22
4217,8,0
4218,2075,14
4219,3641,23
4220,70,1
4221,390,3
4222,447,3
4223,2871,20
4224,4041,23
4225,2563,18
4226,1382,9
4227,476,3
4228,536,3
4229,3245,21
4230,5035,29
4231,4716,26
4232,3651,23
4233,4072,23
4234,2874,20
4235,537,3
4236,5660,32
4237,5219,31
4238,1303,9
4239,2452,18
4240,4683,26
4241,5802,33
4242,3633,23
4243,4139,24
4244,4954,27
4245,1049,8
4246,3995,23
4247,1822,14
4248,639,3
4249,5133,30
4250,3629,23
4251,1744,13
4252,5044,29
4253,5755,33
4254,1894,14
4255,5881,34
4256,5768,33
4257,3454,22
4258,2754,19
4259,1858,14
4260,5447,32
4261,5409,31
4262,4295,24
4263,4643,26
4264,5845,33
4265,1471,10
4266,1441,10
4267,1854,14
4268,627,3
4269,3571,22
4270,5702,33
4271,1830,14
4272,4281,24
4273,1337,9
4274,3083,21
4275,556,3
4276,1195,8
4277,1779,14
4278,4313,25
4279,2189,16
4280,2860,19
4281,2408,18
4282,2736,19
4283,5002,28
4284,2892,20
4285,5989,34
4286,767,4
4287,5214,31
4288,2254,16
4289,4822,26
4290,1309,9
4291,1176,8
4292,3176,21
4293,1720,13
4294,2529,18
4295,532,3
4296,874,6
4297,4403,25
4298,2206,16
4299,574,3
4300,3503,22
4301,2435,18
4302,1743,13
4303,4861,27
4304,3313,21
4305,3882,23
4306,4293,24
4307,3847,23
4308,4225,24
4309,1185,8
4310,3592,22
4311,3386,22
4312,3960,23
4313,604,3
4314,4504,25
4315,1888,14
4316,4610,25
4317,90,1
4318,3365,22
4319,4138,24
4320,3851,23
4321,5506,32
4322,5382,31
4323,4309,24
4324,4142,24
4325,812,4
4326,1722,13
4327,4312,25
4328,4352,25
4329,4368,25
4330,4240,24
4331,1404,9
4332,5116,30
4333,2370,18
4334,3080,21
4335,1972,14
4336,5631,32
4337,3530,22
4338,1646,12
4339,2536,18
4340,2617,18
4341,2986,21
4342,3002,21
4343,409,3
4344,1731,13
4345,5059,29
4346,5415,31
4347,619,3
4348,3294,21
4349,2448,18
4350,1593,12
4351,744,4
4352,4036,23
4353,3335,22
4354,4951,27
4355,1887,14
4356,2117,14
4357,1327,9
4358,2190,16
4359,137,1
4360,5794,33
4361,5688,33
4362,2591,18
4363,2634,18
4364,2866,20
4365,99,1
4366,620,3
4367,867,6
4368,2649,18
4369,1384,9
4370,2285,17
4371,4587,25
4372,1905,14
4373,392,3
4374,2555,18
4375,3487,22
4376,2488,18
4377,5678,33
4378,762,4
4379,4149,24
4380,4633,25
4381,2491,18
4382,4797,26
4383,1293,9
4384,1607,12
4385,4982,27
4386,5641,32
4387,3701,23
4388,5710,33
4389,575,3
4390,5818,33
4391,1669,12
4392,1436,10
4393,674,3
4394,740,3
4395,2685,18
4396,5836,33
4397,1157,8
4398,4565,25
4399,5246,31
4400,927,6
4401,5580,32
4402,643,3
4403,613,3
4404,2595,18
4405,3275,21
4406,5207,31
4407,4308,24
4408,4658,26
4409,5379,31
4410,2083,14
4411,3547,22
4412,3222,21
4413,4311,24
4414,1079,8
4415,2208,16
4416,2511,18
4417,3785,23
4418,3546,22
4419,5997,34
4420,4707,26
4421,1737,13
4422,1666,12
4423,4965,27
4424,686,3
4425,117,1
4426,181,1
4427,742,3
4428,2368,18
4429,5807,33
4430,1717,13
4431,4859,27
4432,2648,18
4433,2600,18
4434,328,2
4435,1475,10
4436,5416,31
4437,1369,9
4438,5349,31
4439,5060,29
4440,974,6
4441,4879,27
4442,4085,23
4443,5092,29
4444,2462,18
4445,1889,14
4446,5481,32
4447,943,6
4448,2503,18
4449,1074,8
4450,41,1
4451,3636,23
4452,3464,22
4453,3230,21
4454,35,1
4455,853,6
4456,4107,24
4457,4850,27
4458,1086,8
4459,4215,24
4460,3328,21
4461,5512,32
4462,3908,23
4463,4485,25
4464,1827,14
4465,2704,18
4466,170,1
4467,443,3
4468,5190,31
4469,1921,14
4470,4801,26
4471,1821,14
4472,3666,23
4473,2624,18
4474,4519,25
4475,681,3
4476,5642,32
4477,5259,31
4478,1448,10
4479,2469,18
4480,4193,24
4481,1595,12
4482,4738,26
4483,1879,14
4484,4569,25
4485,4815,26
4486,4321,25
4487,5180,30
4488,5141,30
4489,3068,21
4490,5342,31
4491,5520,32
4492,3690,23
4493,570,3
4494,2107,14
4495,4056,23
4496,4579,25
4497,912,6
4498,268,1
4499,4788,26
4500,1270,9
4501,5978,34
4502,4665,26
4503,5300,31
4504,3415,22
4505,1655,12
4506,4743,26
4507,3819,23
4508,1929,14
4509,5353,31
4510,5274,31
4511,2631,18
4512,118,1
4513,3237,21
4514,3350,22
4515,3930,23
4516,5374,31
4517,5217,31
4518,5188,31
4519,3333,22
4520,3613,23
4521,2034,14
4522,782,4
4523,1357,9
4524,4000,23
4525,4766,26
4526,3075,21
4527,49,1
4528,5727,33
4529,5456,32
4530,2805,19
4531,3463,22
4532,2363,18
4533,600,3
4534,4539,25
4535,2965,21
4536,4420,25
4537,2569,18
4538,3672,23
4539,1320,9
4540,5051,29
4541,5570,32
4542,743,3
4543,2643,18
4544,76,1
4545,5367,31
4546,5940,34
4547,646,3
4548,1067,8
4549,5334,31
4550,3344,22
4551,325,2
4552,5541,32
4553,1095,8
4554,2035,14
4555,594,3
4556,4104,24
4557,3588,22
4558,5205,31
4559,4307,24
4560,4198,24
4561,2443,18
4562,3802,23
4563,1181,8
4564,2172,16
4565,428,3
4566,4356,25
4567,4174,24
4568,3193,21
4569,3336,22
4570,377,3
4571,1116,8
4572,289,2
4573,652,3
4574,4585,25
4575,5151,30
4576,5689,33
4577,2642,18
4578,1237,8
4579,3528,22
4580,174,1
4581,1269,9
4582,2880,20
4583,2496,18
4584,5774,33
4585,418,3
4586,5837,33
4587,4306,24
4588,4411,25
4589,1794,14
4590,5372,31
4591,923,6
4592,2371,18
4593,4432,25
4594,4563,25
4595,1604,12
4596,3013,21
4597,3480,22
4598,4342,25
4599,5791,33
4600,2260,16
4601,1407,9
4602,0,0
4603,2126,14
4604,4744,26
4605,3622,23
4606,3976,23
4607,2717,19
4608,2164,15
4609,1039,8
4610,1777,14
4611,4556,25
4612,573,3
4613,578,3
4614,3411,22
4615,4953,27
4616,69,1
4617,2711,18
4618,5471,32
4619,690,3
4620,2179,16
4621,354,3
4622,5956,34
4623,382,3
4624,4219,24
4625,1585,12
4626,4373,25
4627,249,1
4628,3779,23
4629,1984,14
4630,3570,22
4631,3025,21
4632,2252,16
4633,5462,32
4634,3009,21
4635,326,2
4636,480,3
4637,3475,22
4638,1214,8
4639,366,3
4640,4862,27
4641,2050,14
4642,4876,27
4643,2743,19
4644,5559,32
4645,3631,23
4646,5583,32
4647,1589,12
4648,2423,18
4649,3303,21
4650,1998,14
4651,4574,25
4652,918,6
4653,2576,18
4654,2920,20
4655,1363,9
4656,3229,21
4657,3578,22
4658,5521,32
4659,1434,10
4660,5856,33
4661,1150,8
4662,1390,9
4663,2761,19
4664,4381,25
4665,4912,27
4666,872,6
4667,3798,23
4668,5313,31
4669,4124,24
4670,2619,18
4671,5267,31
4672,3989,23
4673,5527,32
4674,1196,8
4675,5858,33
4676,2130,14
4677,696,3
4678,2086,14
4679,3071,21
4680,5904,34
4681,3106,21
4682,1339,9
4683,1571,12
4684,583,3
4685,5788,33
4686,5224,31
4687,3915,23
4688,396,3
4689,4885,27
4690,1924,14
4691,657,3
4692,4505,25
4693,2257,16
4694,3993,23
4695,239,1
4696,2211,16
4697,5031,29
4698,3248,21
4699,2893,20
4700,462,3
4701,4290,24
4702,2068,14
4703,393,3
4704,4905,27
4705,3173,21
4706,4147,24
4707,2403,18
4708,3968,23
4709,3885,23
4710,5311,31
4711,2455,18
4712,2695,18
4713,4355,25
4714,4884,27
4715,3517,22
4716,4340,25
4717,1169,8
4718,3164,21
4719,4554,25
4720,4520,25
4721,2947,21
4722,2159,15
4723,3323,21
4724,947,6
4725,2683,18
4726,3996,23
4727,710,3
4728,4804,26
4729,987,7
4730,1379,9
4731,2176,16
4732,1756,14
4733,624,3
4734,1325,9
4735,3467,22
4736,813,4
4737,5445,32
4738,2735,19
4739,4030,23
4740,2237,16
4741,5737,33
4742,3114,21
4743,521,3
4744,3990,23
4745,3906,23
4746,1037,8
4747,5517,32
4748,5113,30
4749,2011,14
4750,5681,33
4751,2196,16
4752,3281,21
4753,1726,13
4754,4465,25
4755,959,6
4756,3428,22
4757,5913,34
4758,5277,31
4759,3385,22
4760,4988,28
4761,1747,14
4762,3436,22
4763,3364,22
4764,5628,32
4765,3278,21
4766,4952,27
4767,1278,9
4768,1664,12
4769,546,3
4770,5176,30
4771,4589,25
4772,1437,10
4773,525,3
4774,4498,25
4775,2861,19
4776,563,3
4777,4837,27
4778,1759,14
4779,1149,8
4780,5296,31
4781,2178,16
4782,200,1
4783,2244,16
4784,3034,21
4785,5406,31
4786,5951,34
4787,3706,23
4788,204,1
4789,2298,17
4790,1110,8
4791,1024,8
4792,2022,14
4793,2092,14
4794,3917,23
4795,3116,21
4796,2912,20
4797,4389,25
4798,1643,12
4799,3142,21
